cell_id,site_effort,elevation,ndvi,dist_water,dist_roads,roads_hii,dist_fe,block,gaur,sambar,wild_pig,muntjac,serow,banteng,mouse_deer
68,-0.10779627672487983,-0.13928859729426488,-0.7666298344064438,-0.590491416804414,-1.2009569882788729,1.5161508413109168,-0.9751404434906272,1,-0.917926389779846,1.3317384087717834,-0.811643838995293,0.5742857533946876,-0.6232114352136487,0.7280855602040139,0.17458339840329506
70,-0.10779627672487983,0.9414295882214134,0.7766960526000022,-1.3601015660593796,-0.69036960871845,-0.06450633417569425,-0.5705644522545947,1,0.2805052034722982,0.9092243835606306,1.071521708415355,0.5743536056461042,2.6498429508134547,-1.3663361433578225,1.2353890764375763
75,-0.10779627672487983,0.938161089506736,-1.1969813070959137,0.9717355396571682,-0.4430539548136686,-0.25171861229987946,-0.5244754696579291,1,-0.02714827176928789,-1.0687401510191268,1.9368172002733948,-2.711993717559254,1.1376772287165853,0.7279511408708809,-0.882098183132758
92,-0.10779627672487983,1.8006614986944869,0.1293926653106587,1.3626923121897585,-0.8796415809154282,0.21155070533954776,-0.742219996062767,1,-0.4366473384910885,0.5906397218776119,0.8723282230084061,0.31614910015970493,-0.34567517514603174,0.7279320315182374,-1.2518140983565598
98,-0.10779627672487983,-0.6133854523110421,0.0966930785112226,-0.9875938467795764,-0.6438806386643331,0.977534889254682,-0.18218180143829577,1,-0.9712106172778304,0.8242576687980495,-0.6714675375954506,0.32101524278463534,-0.5678159473827076,0.7280267827591588,0.0619150739575522
114,-0.10779627672487983,2.5716843047729805,-0.15646026941175,1.6806692595724957,-0.4278551545193532,-0.34768425067609104,-0.553244444356572,1,0.39768834286340304,1.3923711246870851,-0.4836024851256456,0.3922727878308087,0.07379881204887907,0.7279486980835073,0.9014049939743812
118,-0.10779627672487983,0.7418980773188601,1.148546234477806,0.2974698345916852,-0.3180727771567547,-0.27975713248566514,-0.01389421044101692,1,0.608830957560611,-1.2189733250341692,-0.5161367837332275,-0.5205408436418504,-0.4121733747582552,-1.3663425115412162,-0.9734498946073412
140,-0.3054227840538258,0.811262894318727,0.30763288977099285,-1.28089111317224,-0.05576265826905338,-0.3166448535477329,0.30015536027838563,1,-0.7899469179311205,0.7465984539162058,0.6681464581364968,0.5266707438434892,-0.3915421484682825,-1.3662928291186525,0.5131481928014544
159,-0.3054227840538258,1.7565227359206237,-0.1694560723673144,-0.33294406426162015,-0.30408873358750543,-0.2078782695366728,-0.91345291865579,1,-0.3109730263416465,0.3496144150942279,-1.2498744805687387,-0.517822686501916,-0.008410146400664,-1.3663165739259495,0.2865032599082173
160,-0.3054227840538258,1.5925180198933755,0.2040588163048024,-0.2861699529433077,-0.44181843053385506,-0.08226887276715733,-0.5329387275677927,1,1.4607350269832644,-1.3211620201493426,-1.1342963666811463,-0.1741948086208972,1.4802598731340275,0.7279701543786551,-1.4963110235780095
162,-0.3054227840538258,1.327565703353213,0.36373233122212223,-0.5200310870863472,-0.9135574666880454,0.869918310401518,-0.12787071923175347,1,0.38818808666766874,-1.1935225618726677,-0.6070450064617309,0.4522074743016346,-0.516238057737774,0.7279034905531727,-1.2375710859497964
163,-0.5030492913827717,0.9169654174733975,0.29772250788178856,-1.0162441475771469,-1.124734344017048,1.5967800234750045,0.46942659856114705,1,-0.39667520869226225,0.8201195241012645,-1.2001555198380178,-2.965859775184134,-0.5752603562307637,0.7279943925133268,-0.6102821950973211
181,-0.3054227840538258,1.6055895810134126,0.4848337509770542,-0.15572813311575923,-1.0941380356886754,1.1681485561093692,-0.6508520364406376,1,0.709282086451102,1.5226043370438296,1.884412904239048,-0.27966104692351806,-0.5875560645218139,0.7282599688480142,0.3924538446083806
183,-0.3054227840538258,1.4386960923003862,-0.27060939719184457,-0.29861619980344806,-1.2181407057092315,2.196812779293688,-0.6172947180500783,1,-1.3133746532774666,0.24496987443520005,-1.4321716285084956,0.5284607348896895,-0.3619241783919168,0.7279172201016376,0.06793653934699749
186,-1.1947420670340825,0.9373484901617556,-0.359503308999878,0.7880513668132375,-1.2698092382529265,1.9727081437620864,0.517661464421708,1,1.6863878325386792,0.9451334617926708,1.7082133637858223,0.4230283979257948,-0.5464271912860479,-1.3663372111446854,0.7764007713034852
188,-1.2935553206985553,-0.41732835970457854,-0.07972660005637755,0.01769297419075804,-0.7268857230503293,0.35714526803288604,0.00477994304292586,1,-0.9990166718664928,-1.0761457379643746,0.24799299552874407,-2.2495131150720953,-0.4449736079332788,0.7279488077370542,-1.087217408567829
203,-0.3054227840538258,0.8503621354188429,1.0764417772355537,-0.5892611815433583,-1.428591658063473,2.1287179438629176,-0.7803029155417621,1,0.3906328510697918,-0.935814069460536,-0.23789750956663908,0.5418700475152984,-0.25658981052934193,0.7280196157280457,-1.8562473382100249
207,-0.40423603771829875,2.946008145432686,-2.6302990341102004,1.5382446427457197,-1.148929507430965,2.137038103410971,-0.8598762416847152,1,0.7145853598302031,1.976200421011592,-0.5486086007942323,0.5626147001541668,-0.5903309899570349,0.7279336663338535,-1.6666166939685858
209,-1.1947420670340825,-0.04369638011861508,1.1801551759722255,-1.1277218427337314,-1.2719124070075225,1.968161518991831,0.23642324087658745,1,-1.2072505338202026,0.6638633274680572,-1.0544818390766646,0.6623476762194684,0.8444171595386987,0.7279930130662077,-1.852615060688526
210,-1.2935553206985553,-0.33204130833008527,0.3543715916826736,-0.5861928284851204,-1.3609053002467484,2.17625680349748,-0.8198594819233335,1,0.25598119760546656,1.049886480346161,0.498137366384185,0.3139068838744398,0.27213028087521846,0.7279189620950259,-2.193379513411251
211,-1.2935553206985553,-0.7552626017097683,0.0141144298927594,-0.5917234692519704,-1.2519294809763055,1.9775481059306308,-0.6658529615485195,1,-0.4111694352483997,-1.2545769941144185,7.515000702437126e-4,0.5050200460506423,0.5508765761971955,-1.3663379085330984,0.7112803635605228
226,-0.3054227840538258,1.0921471028339114,0.9678378148088193,-1.0824058889759205,-1.0693323896710878,1.108993525837208,-0.7722712055180193,1,-1.2427539095481548,-1.29160969744171,-1.004502641484762,-1.6067827513477886,-0.4646146716892168,-1.3663481059494755,-0.9867153174310348
228,-0.3054227840538258,2.7885147589228505,-1.046566778701692,1.425719339571412,-0.8718274979864151,0.2716590439400365,1.0999582163845056,1,-0.30084590428463187,-1.0353279703861946,-1.242663118096656,0.5941399240649702,-0.35171578136370296,-1.3663933938696142,0.9523151317457972
229,-0.40423603771829875,2.852869292729851,-2.458578849578795,0.7201906233394005,-1.0264207398429488,1.0401212464818532,-0.7115687650797807,1,-0.8028438872062063,0.03756138484634176,2.516713681101219,0.570926445476775,-0.4939452823213815,0.7279100257276905,-0.49476605207171176
231,-0.2066095303893528,-0.0987012445260496,1.6810439739147147,0.22837851934077383,-0.5701982257865605,0.06411148939714659,-0.07923114077148999,1,1.0875384483774984,-1.2408584481921152,-2.031530058489986,-2.8870461814237345,-0.06870699469093325,-1.3663504901193444,0.24539991659293672
247,-0.3054227840538258,1.4629022857374634,0.6579133493827839,0.2742218273514436,-0.602990630415641,-0.07449401621306413,0.03371882849429813,1,-1.0335990047238877,0.14640886709748405,-1.090166029909894,0.45058121911431487,-0.41735111774809497,0.7279465847145744,-1.0076922915262148
248,-0.2066095303893528,1.517766739663579,-0.9588918256725834,0.5587918873159062,-0.322120707600627,-0.14499274780346602,-0.954027512442622,1,-1.392129223893605,1.64227888375855,-0.9262821289897286,-1.9260527431306889,-0.6201832972990907,0.7279737758748156,0.15724022417059155
275,-0.2066095303893528,0.7311578996958381,0.02311656492472043,0.8597944282912725,1.1244902994747406,-0.8897593556496116,0.8117515515843082,1,0.16905628810549625,-1.3253862064718511,1.3962217271499655,-3.296924701614449,2.3004687906985706,0.7279144920485948,2.5089746985398116
276,-0.2066095303893528,-0.05354104963709368,0.38468777411019794,-1.4462954666691734,1.063614932631601,-0.8781303161144025,-0.2907933533385233,1,1.398461251034811,-1.1532298584588885,-1.2497017676027238,0.24700032685654807,-0.4913434574958789,0.7279795382364705,2.668140338896777
278,-0.3054227840538258,0.11334326258659758,-2.9215764687972063,0.6961783209175545,0.39610389748598573,-0.6104107671243637,-1.3977758639306803,1,-0.7224201548980512,0.2174438520590209,0.553253434880021,-0.681845482695544,-0.2515458339420847,0.7279245465242639,0.7629998729715679
341,-0.2066095303893528,1.2354300854380873,-0.2020923592946855,-1.0824058889759205,2.431402685663286,-1.053388989064853,0.540072770089627,1,0.45994442565238847,-1.189701628506758,1.0389692943345574,0.4988729739075041,-0.5218377808948835,0.7279147177672345,1.0429266409225697
342,-0.2066095303893528,0.5849126522416149,-0.6323356802817705,-1.0380224547574468,1.549520817666497,-0.984407389985473,-0.5622046110715876,1,-0.5811777061884056,-1.236332987689689,0.5169951711047935,-0.6075398423889267,-0.45495701256302534,0.7280680840071683,0.9565633367043952
343,-0.2066095303893528,-0.23226244863381973,-1.0725145811560777,-1.0162441475771469,0.6792051706150987,-0.8147568630710725,-0.869734547573804,1,0.11451448360802152,0.8603730262636187,-0.6352793940330892,0.1987825038423398,-0.4275997486484732,0.7279815135075846,-0.3988215264453503
344,-0.2066095303893528,-0.5052694158347795,0.28271540192761185,-0.7293811347646671,-0.16428504049187373,-0.40493262336691666,-0.9660703792303564,1,1.3437866561335483,-0.07202042532986336,0.7049402384815201,0.425638069789167,-0.36294017866780465,0.7279590104861471,0.5875017543280507
361,-0.2066095303893528,1.4970699503314513,-0.4143552749485951,-0.8244084799097564,1.6117003288567098,-0.999834499722431,5.215888892861396,1,1.6591211767568923,4.5114623000593534e-4,-0.32599540210127015,0.5972647741192216,-0.5537226459717721,0.7279494224166473,0.19074134061443868
366,-0.2066095303893528,-0.8525183166526065,0.07284157986605114,-0.8508397940802137,-0.04030433615422348,-0.4786075124189227,-0.9660703792303564,1,-0.07687559277645946,0.18879508974111656,1.5376069330945172,-2.84095565693674,-0.564307734081183,-1.3663815579311789,1.2159969608131052
382,-0.2066095303893528,1.2661041721067257,-0.2611957850305099,-1.3470528545710134,0.3579430073408796,-0.790418031632522,2.021728803463083,1,1.6406500339269294,1.071349561070888,0.7702864742111335,0.4191665131467376,2.6755763755894617,0.7279651181482875,-2.1431349126380255
383,-0.2066095303893528,1.280764010375946,0.3072342207559415,0.9375654339085489,1.0519543137100855,-0.9208917574942992,2.5334765547182525,1,0.5908355128467295,0.8587853434894909,0.21722998213959205,-1.6647633261909358,4.542847123095341,-1.3663339974613131,1.5763409484389288
389,0.08983023060406607,-1.6688088435982895,0.7821562709927364,-0.8508397940802137,-0.6068462794435306,-0.00262958920262712,-1.1378961101587806,1,1.3149222216854588,-0.3443384569523576,2.3775946690729035,0.37878614394063664,-0.4501410671086172,0.7279699628394266,-0.02025893154398212
404,-0.3054227840538258,1.0772968893711583,-0.20043047413106993,-0.817758923380827,-0.21303810969642187,-0.447850267758188,0.6132642864987805,1,1.4081665826195595,1.1497084381068752,1.6227342129395097,0.5321802382449304,0.1387850347722682,0.728073579572984,1.1811181440157978
405,-0.2066095303893528,0.9885766044410766,-0.05436679655538026,-1.18164850107408,0.3041014515402565,-0.7163500460282892,-0.1387170390131773,1,-1.374934186700449,1.3784844591189789,-0.4776892295893576,-0.5450531616836819,-0.34203394348186167,-1.3663691899686066,-0.670862287714486
406,-0.3054227840538258,0.8276476479159607,-0.20884945305703867,-0.7776250807493287,0.8480541043706367,-0.8859368405795811,-0.7083317828377202,1,-0.03273351791151051,-0.0761372581890748,0.35936896943473445,-2.1960212193003468,-0.06908108834592343,-1.3662987713568877,0.8228275464033307
407,-0.3054227840538258,0.7262211874269899,0.05016547757021052,-0.9179753791854176,1.451809617807727,-0.9833486744630254,0.00617593067172698,1,0.2587123472930181,0.11343608675147918,-1.4926213995407611,0.3998923597645108,0.04209297465053433,0.7279515072568393,1.3735529434164204
408,-0.3054227840538258,0.48936263967322857,0.24422908886356248,0.1496676917865545,2.1382510778576855,-1.0217438549702316,1.1257001928845554,1,0.49689995585135777,1.7729286719144357,0.4426008397364779,0.5847894343947523,-0.49433441043610754,-1.366306518446278,-0.5464313841117925
409,-0.3054227840538258,-0.24864303492866527,-0.4356726178340314,-0.707095630641027,1.3552686623975896,-0.9474874702885154,-0.23062748044489131,1,-1.1448865843218865,-1.260545495117578,-0.99474963433873,0.3019379462972363,-0.5631692398537061,-1.3663336780070896,0.4434131788742602
410,0.08983023060406607,-0.951859341932828,0.1482440763339942,-0.6372748159648417,0.6548660321341354,-0.7924820779469366,-0.4846980579892627,1,-1.530633342720098,-0.3857415309851438,-0.6965639445969816,0.3837736559310124,-0.5108772356796228,-1.3662739958732977,0.8132384212862167
450,-0.2066095303893528,1.3936734792720509,-0.7322131726282287,1.2599515487743147,-0.2673974020891737,-0.39750157974466743,-0.345614388897272,1,0.390354763377368,0.01350788985958149,-0.328738531526742,0.31819489514445554,-0.4928735344280159,-1.3662955471353624,2.6902303398012486
451,-0.2066095303893528,0.9616261710371948,-0.7833988768723916,-0.6497123134084966,0.4801745897947714,-0.793204672663043,0.18020002705653743,1,0.2040977958490039,-1.2728281405248707,0.20579986360684513,0.6170923259860174,-0.530503383073176,0.7279883696362289,0.2013267836793904
452,-0.2066095303893528,0.6075615199823078,-0.31818120718582144,-0.673804504733175,1.303297493573131,-0.9691541941869384,1.682422225971818,1,-0.4826861433987025,0.11348450696303812,0.1296173833267125,0.2987211084908018,-0.24471377591780288,0.7279201300121553,-0.9752597379639972
453,-0.2066095303893528,0.22930404770138169,0.21343862392963275,0.09257424945250688,1.4682885998859458,-0.9785483901124782,0.8117515515843082,1,-1.208532830340383,-1.010245544836852,-0.05033920938498679,-0.7808622568378466,-0.2277366477902601,-1.366380863467772,0.0620557735526802
477,0.08983023060406607,-1.5830323981364578,-0.1784991404283307,-0.5200310870863472,-0.4730571170897548,-0.2371474707122032,-0.7789479132165228,1,-0.8261643521300618,0.5674946734069746,2.101321757478394,-0.03798684671450345,-0.6245804164037306,0.7279815672725756,0.5509583672736158
494,-0.2066095303893528,0.12402862716135508,0.947312968695708,-0.25136733168599523,-0.5695129690937248,-0.1714217639366779,-0.8598762416847152,1,1.0115798807522725,1.7340494143102183,1.0532198397584822,0.48370515408767545,0.2850095117367557,-1.3663736194017178,1.1581005484537827
498,-0.2066095303893528,0.00873439654990462,-0.9295045685837964,-0.08330086726856327,0.5273109847374465,-0.7411663000254252,-0.02677238424662247,1,-0.2554673170430034,0.00313473438972948,-0.802497667087099,0.556383201768406,-0.06061212164697398,0.7279100681928615,0.6021424005197273
517,-0.10779627672487983,-0.3697029534500292,1.1619999224853688,-1.18164850107408,0.31440332051620185,-0.5886065195370225,-0.9161430801181653,1,-0.7080520668975051,1.3373818050147916,0.3190768458457169,0.4204560672971276,-0.30014818145675176,-1.3663373492692137,-0.5331690163006739
519,-0.2066095303893528,0.7498494130897885,-1.3119297349199224,-0.5861928284851204,1.3493262371867274,-0.9010165210256794,-0.5622046110715876,1,-1.3701389101556636,0.6020125117653,0.9910432144105924,-1.9278294899502648,0.5993024391454143,0.7280002422063434,-0.26711670224454503
521,-0.2066095303893528,-1.0538118230938254,0.3589791926371393,0.8130108945244373,-0.30998533947303353,-0.1504682536457232,0.0906901139237952,1,-0.7593453260055578,0.6925008513008845,1.8092290422919188,0.47749037623249113,0.01947713310312626,0.7279181612836759,-0.13562842619633336
539,-0.2066095303893528,-0.9034424211585652,1.1386767460813074,-1.3470528545710134,-0.39968759719592095,0.07358750077003509,-0.7482354115538355,1,0.08156112134438946,0.04340954777424431,0.8211195678294533,0.42396475635332537,-0.4992475662979028,-1.366291209746397,3.518715336746573
541,-0.2066095303893528,1.079431202059847,-1.498563585177351,1.930521904135573,0.6130082267886844,-0.7790214127694106,-0.530102367686104,1,-0.4837415310843333,1.259992813996906,0.9191948130060902,-2.1483550267786415,0.24524604612493275,-1.3663560488097477,0.8767277946137042
542,-1.0959288133696097,-0.5656097992792772,-0.5995921417250141,0.4387437012410153,0.25049923091602283,-0.6543125927037868,-0.6987988167959203,1,2.2923443110042965,-1.21258623812579,1.0748242367128094,-2.607139535377153,-0.5654309860666885,0.7279777408748385,0.02860512357076687
543,-0.9971155597051364,-1.548265931917173,0.5416986013337021,-1.0115421775062732,-0.6327251215289116,-0.05420689807706733,-0.6381721010588004,1,0.16419783622677986,-1.1009819761529642,0.08204685093475934,0.4904047700489326,0.4670518919166519,0.7279201876668269,-0.6664865263867866
561,-0.3054227840538258,-0.8384456378508623,0.6443327245365228,0.35921783188957596,-1.0714795442518663,1.7373102503490403,-0.7531348826264814,1,1.5016679495651797,0.4124717242073723,1.0006738361828336,0.5563792689795625,-0.5824746880496423,0.727980208540314,-1.302006817263189
563,-0.40423603771829875,-0.8812678273391948,-0.02683677700252591,-0.10701851626446142,-0.19084166004582823,-0.4823270105681699,-0.5599492309953443,1,1.124082178321148,1.3449577488566775,-0.3112809164359364,0.4352134815393364,-0.37657192618367474,0.7280353156988515,0.3846926287827313
586,-0.7006757987117176,-0.9445804224014108,0.0058780554549535,1.12982161199287,-0.6268379554409959,0.13075373322577677,-0.3556119287441113,1,0.8202497087809695,-0.8661517151655558,-0.35913320228086393,0.49525421969747113,0.5994898889252807,0.7279724643970934,-1.1461975514041487
588,-0.7006757987117176,-1.920088829089169,-0.05615441572422295,-0.7042667423816752,-0.9432900698417932,0.8104747273088706,-0.939966575460882,1,-0.07892900260107424,-1.222265082424102,-0.49294946408163753,0.5802482452316091,0.15332216569611806,0.7280399251765003,0.13243699915340723
609,0.08983023060406607,-1.5368852253353658,-1.550317957778406,-0.9500824061783736,-1.3519825130881535,2.8479580001872313,-0.9367190497978446,1,-0.9425635724676086,0.01632770920295567,-1.2689307314601774,-2.4439554485053083,-0.4881768204993297,0.7279644644807907,-0.6785364398866064
629,0.28745673793301196,-1.1161288037058688,-1.3376725354795922,0.49801870962090017,-1.1257422239467465,0.935407484375345,-0.8801575137661444,0,0.7099783698793806,1.5716533369992869,1.1482374497275931,0.6031991573660636,-0.4298463350795415,0.7280512244682062,0.6295683321776
631,0.08983023060406607,-1.3623912420969682,-3.650843885119831,-0.6211843025321109,-1.145544178165658,1.7871275814574017,-0.8450776728766844,0,-1.8768257097872276,1.2809164986788133,-0.9712279808937562,0.210014206761214,-0.3424708637935009,0.7279400874705734,0.05928791978826541
648,-0.00898302306040688,0.22457461851949256,-1.168379114398996,0.23636996714575384,-1.2002951313920418,1.6323699997657308,-0.8935677503257425,0,0.9084133837379892,-1.2899685042625717,-1.2054610591085109,0.6175270535301648,-0.6151391289157394,0.7279334076187711,0.4049501698784069
649,0.6827097525909038,0.1253653010787043,1.4201367406353105,1.4306122824828813,-1.2092179185506369,1.5081444635344778,-0.2328771673501747,0,0.89809888874645,0.29981686239209376,-0.6443375365429562,0.6363148043038797,-0.10680483150093847,-1.366353962989836,1.100890594891661
652,1.7696555429001064,-0.7633559983146877,-0.4277880889971429,-0.5437080176439862,-0.8409912735710307,-0.11981519895891816,-0.6987988167959203,0,0.7713736462621783,0.21947545590348855,-0.12354858462041654,0.45446760138896575,-0.6189131380729451,-1.36636518328718,-0.17401493305881788
654,0.4850832452619579,-1.0074277070743711,-3.776324786640016,0.8888535287483241,-0.7541557734623012,0.09109076727999438,-1.160655376355691,0,0.8457815448559156,0.05484861449441657,0.05485904398288408,0.5619547696371957,-0.3390378801149247,0.7280034978527313,2.1581187378156854
669,0.6827097525909038,0.7068382805753249,0.49175716827731775,1.1819379824107807,-0.8465215063884541,0.6653308638231064,-0.5350761539855049,0,0.7491152751233052,0.3791928947882568,0.01781881780681963,0.5404067110477668,0.24367998588456316,-1.3664133870827273,-0.5078498779182923
674,1.7696555429001064,1.18937299515956,-2.389556237678949,2.160120860992539,0.04932247580159213,-0.6743568565513932,-0.8935677503257425,0,1.7995439285699997,1.1754215367445902,0.01967867422021819,0.5247479356017676,-0.634442082136844,-1.3662327310580964,-0.37924140309532983
675,1.6708422892356334,-0.761916674513083,-0.7759560441880763,-1.1469177259867538,0.02484449968189817,-0.6277397189745868,0.2252032722049712,0,0.7174140486311956,-1.2688756437777895,-1.194514276086735,0.4874984959291691,-0.614243255646122,0.7280123184026868,2.4932080788864877
677,0.4850832452619579,-1.3905515701007802,-1.1875430737851265,-0.6192736991845071,-1.3847777224263325,0.6456933272198488,-0.9912336766845844,0,1.6367925717205627,-0.8689058771628961,0.42789259352594494,0.563364249224873,-0.6297040230202658,0.7279871576555884,-0.3865280602257623
692,0.7815230062553767,0.9867521890444836,0.4242764984704637,-1.28089111317224,0.09625598770942746,-0.5986775398616159,0.7745491666682137,0,-1.5635126262429049,1.4780221587451707,-0.5064234618904342,-2.7824260593283676,1.6257588925412925,-1.3662889365127862,-0.7153043411224327
694,0.7815230062553767,-0.06380449689752901,0.7120213128662373,-0.917001535478987,-0.602990630415641,-0.24052077473768935,-0.01069940188286421,0,0.00930605026594471,0.9566082036091912,2.1598904481499357,0.5779447707187776,1.3335743961133186,-1.3663401037205416,-1.3483989948579558
696,1.7696555429001064,1.9113448756673277,-2.039051661925819,1.3518901479904348,0.8160960326228408,-0.8608662837554982,-0.34092780372707804,0,-0.7863552486643091,0.7885998669704556,-0.7196388629352283,0.6082684412965617,0.0897491007611162,0.7279848966909626,-0.5353377179327625
714,0.7815230062553767,0.19385936715514404,0.4618341153484616,-0.6840582824284732,0.758016879060163,-0.8556352200628905,-0.667769238674862,0,0.977869617470009,0.6331275755528043,-0.18136029447661853,0.413227973516871,4.79021722642552,0.7279392277980816,-0.8772657501873836
717,0.4850832452619579,1.4661419628902548,0.22728371626498145,-0.28846499219064065,0.6310672857595708,-0.8224664122561166,1.3810350412965846,0,-0.2110155031472214,1.775443774802768,0.5711010553870693,0.6127820955072872,-0.491075345538622,0.7279457574040189,-1.167696145527764
721,2.164908557557998,-1.201927601601213,-1.0020682596362154,-0.45014121932313056,-0.18855141991739333,-0.45137664870140487,-0.6302219470908977,0,-0.5325690176428478,-0.9632783320966276,0.8790285543095313,0.5156578202145146,0.32946940190097485,0.7280134280524082,-0.7239689760268789
735,0.7815230062553767,-0.1252003265440661,0.6289817364606481,-0.452269885050833,1.1575275579311224,-0.8629051728564808,-0.3005525538341039,0,-1.6712485879548964,-0.43298233025818456,-1.5297542874356356,0.5581715816765053,-0.6182039505211916,0.7279821293649263,0.6563988344550433
741,2.164908557557998,1.3906246941614624,-1.0426790318137371,0.5385567752940255,1.6553438534551246,-1.0180658836007503,-0.5775139346976393,0,-0.5034746572431482,0.7183454548332816,0.02067013583248547,0.3667420501732496,-0.5188411031028166,0.727948387808099,-0.9719382661902828
744,2.164908557557998,-1.3889053553224808,-1.9210562968249567,-0.3565744210022752,-0.18883751839887825,0.10815844635165144,-0.7581160203019763,0,0.9635443450211272,1.286454014301885,-0.14777593288830632,0.5762190861121973,-0.1320491891516572,0.727946730755514,-1.2853345695903438
764,2.0660953038935252,1.4233398253307254,-2.929825207291257,1.893250466758886,1.5940066626672529,-0.9391278715069528,-1.0135618440925978,0,0.35702728181344695,-0.9685700826912564,-1.2503856071264998,0.4594511263341371,-0.12182772160399648,-1.3663792133631625,-0.12631910702540258
780,-1.2935553206985553,0.4655671098624643,0.7462665332128638,1.6718261570274642,1.4974360808153775,-0.9539009983884036,0.9584511910361984,0,2.0429068187205344,-1.3464521943782055,-0.6995189706881714,-0.804051362837441,-0.581488454022187,0.7279303877928741,-0.23351941995606812
782,2.362535064886944,0.5516626735781853,-2.329574249190129,-1.2147293717734668,1.859605679656958,-0.9996605854926096,-0.3798832431108261,0,-1.0987428217250574,1.4579026947478022,2.287722881542648,0.5936084048041236,-0.14245374789757642,0.7279299973976803,0.5448237568283127
783,2.362535064886944,0.6255880346648537,-0.12042340350945324,-0.6744839978780746,1.289016677289712,-0.9276479025409892,0.09423723579941616,0,0.2553170563800718,0.8307479025341842,1.272778862404916,0.5620765088496812,-0.5117327134576299,-1.3664044562522395,-0.7188523582662023
786,1.8684687965645792,1.3662138689652956,-1.2161784559244004,2.3923575650102524,0.983046986147655,-0.8382734092901638,-0.16745622129291285,0,-0.5745365215108229,1.7527875483364057,-0.5861001690115435,0.6019362002544804,-0.4616074689058058,-1.3663404177693654,0.4497746536492822
789,-0.3054227840538258,-1.674871069660976,1.3365155825465702,-1.3801337252704,0.8590176305453867,-0.46433208423551847,0.18826045166585045,0,-0.6701738123127164,1.1956293080532214,-0.9216799582351788,-3.191566672277429,-0.5775234457386956,0.7279363788043516,-0.8275929271890511
790,-0.40423603771829875,-1.5628168128133213,1.130678656282204,-0.255384121491254,0.10343720482235384,-0.5987440620220246,-0.1407397176356176,0,1.509524168669644,0.3104772050731998,-1.0877078407238032,0.5216926572774775,-0.04196305355902897,0.7279870861481578,0.00343450443380674
803,-1.0959288133696097,0.2318508975371277,-0.6009025104722413,-1.1154867596753069,1.5187485297264798,-0.970767512942851,0.7112201016609838,0,2.82716907957106,-1.3454888683547173,0.09268191035972924,0.3951853846206271,-0.183124963733742,0.7279275965139097,-0.05228717874813559
805,2.362535064886944,0.6572214013577578,0.5561145548781904,-0.46946120968383864,0.5910316518086329,-0.7408940329686864,-0.2474241035291226,0,0.47225209660936207,-0.9588059387469184,1.6090350524989856,0.5187306849825404,0.25564632056046427,0.7279575365585718,-0.0604792952680556
808,1.8684687965645792,0.6666398952709087,-0.6494516647913405,-0.8613746972575091,0.21010793443657907,-0.5048233424863147,-0.939966575460882,0,0.32864053826547707,-1.2453787878913014,-0.8697738182960962,0.4947870218346156,-0.5977826458092896,0.7279321739858856,0.2225699042391758
810,-0.40423603771829875,-1.28710745142461,0.6529930642811803,-0.38770760428880063,1.0131401895701984,-0.8059645580907705,-0.47887300444757613,0,0.5308042141480076,0.9325269383773038,0.07129730571058357,-0.2129409216213816,3.9292140821833983,0.7279248333065441,0.25916442860638383
811,-0.40423603771829875,-1.2152347465767168,0.8904465586657814,0.2516099699928968,1.3554394501205471,-0.8317287702216816,0.19892691146374103,0,0.2810348630289344,-1.0662809572887528,0.33442535349880526,0.5447237678581124,-0.5440384073781127,-1.3663221976843771,-1.6581403080160095
813,-0.3054227840538258,-1.4256387236926176,0.417905245006158,-0.28846499219064065,0.13368042841310732,-0.6462459987056746,0.915027441551394,0,-1.2734477620125555,0.4817697289505457,-0.05456111155538074,0.3682812361249287,-0.3995002689253919,0.7279951247814543,-0.5779401514328434
825,-0.3054227840538258,-0.0976770007955597,0.4894601903342733,-0.49748168710086565,1.1681823301101175,-0.8671236036476595,0.8883926874072042,0,-0.00233869455772553,1.599105178784161,-0.7097077167657919,-1.7762319050580224,0.5148912123802498,-1.3663839371996798,-0.5745814345844775
828,3.2518543478672006,0.9734421434871936,0.22538929319083,0.8362846115885053,-0.6649279018763532,0.2067824736572316,-0.2239151213360072,0,-0.2752053478561466,0.5915541072186099,-0.2328717517132272,0.3895363869141276,-0.5957548973273077,0.7279400461086094,-0.4656044211609591
829,0.9791495135843228,1.1155208599509778,0.14098855826175052,0.7856367970760728,-0.9966800402474024,0.8465294895219632,-0.14398543309138367,0,0.10761500915931178,0.8659248960502665,0.14052619630844304,0.5123615789863302,0.2314484583641021,0.7279795640386096,-1.1089679509983823
832,-0.3054227840538258,-1.288646709432342,0.9639988645011464,-0.0907676192972322,0.4221359547479994,-0.6355462394658871,-0.8780229477522883,0,0.5243973348756762,-1.111298378770386,-1.1947375063395125,0.5267889065637131,0.2941872978401756,0.7280034817970215,0.10972194890642648
834,-0.3054227840538258,-1.0457776124813751,0.3287325063476393,0.4290200035783269,0.4516406957101485,-0.7866339850125162,-0.5106640580029145,0,-0.20260279876425305,0.01513875090254945,-1.047886752254517,0.5647572546843315,0.16743539091164486,0.7279567503920318,-1.2996151983291764
847,-0.2066095303893528,-0.2639087750413461,0.7626039777298721,-0.6424891316741413,0.39285108845639255,-0.6471259923967784,0.7731343860478941,0,-0.3132400394953268,-1.2611195295564224,0.3479545278511429,0.5751890737823663,-0.5703146429686288,-1.3663473010522602,0.26308999986694276
848,1.4732157819066876,0.01645809615746382,0.00501673790151348,-0.452269885050833,0.4185219645389885,-0.5956408445319408,0.04319513919402017,0,-0.993363370019668,0.28568723236822824,-0.6208568285589342,0.6759195042464137,-0.5196103199929416,-1.3662725478433415,-1.1308997116702078
851,0.9791495135843228,0.8686502916557638,0.10338521144333154,1.1043220433749077,-1.2581301028053251,2.4618370668973766,-0.00257950298274543,0,-1.316108180024003,0.3388286665749577,-0.5614436973133419,0.544387664660202,-0.43121923897851305,0.7279386560197626,0.8596772147470249
856,-0.00898302306040688,-0.8199650529983635,-0.22242536469260543,0.5385567752940255,-0.07392613592429906,-0.5300854454818854,1.4736210354998858,0,-1.1680875092289609,-0.12446879620260672,2.2471112555385218,0.5483679455627114,-0.06881649247096391,0.7279269182568657,0.664990888867512
857,-0.3054227840538258,-1.4147598240740766,-0.04322531760955842,-0.1892223800924807,-0.8082583033599946,0.03491673728053156,-0.869734547573804,0,-0.988413656731386,0.6265667677735914,-0.4104283740922404,0.5752720170444079,0.6089373314429491,0.7279696611236711,-2.500991777984116
871,-1.6888083353564471,0.6760052201217311,-0.21517468994029415,-0.9408588049710316,-0.775340857719463,0.5833962331750314,0.14464446093251213,0,0.999456615521128,-0.42929169494543434,-1.832400342213706,0.595021558406888,-0.00941429405412043,-1.3663794632066089,0.3560892850883034
872,1.0779627672487957,0.6510613894204833,0.16994496163342304,-0.7538561467121851,-1.364453665708896,2.0047789684825577,0.25434434813568124,0,-0.1098937210573302,-0.02131364495332204,0.5211437618400065,0.5055173357342286,-0.4659416039296236,0.7279182686753277,0.2907216620985386
873,3.7459206161895655,0.9318790336110164,-0.10301895131406294,1.1813212158517614,-0.8112211653752301,0.4500285458561344,-0.11360396444694518,0,-0.8408186486685315,1.0383665671128353,-1.3263932143141866,0.5914316041766713,-0.536617997558796,0.7279282338772837,-0.5660438196639201
875,-0.40423603771829875,0.30634715069165286,-0.3440329169879629,-0.10343475527202786,-1.2538318543436109,1.8128918065555175,-0.2907933533385233,0,-1.3066732933416616,1.0207951029186175,-0.7765882948768463,0.45735006607910783,-0.624994328422204,-1.3663025391687815,-0.31007908870956635
876,-0.40423603771829875,-1.1947568684895329,0.7033208649840558,-0.5200310870863472,-0.5950497274363962,0.17209772335783244,0.08291235801632287,0,1.4212096576448374,-0.4335959459772597,-1.4424385213949948,0.4525025764178546,-0.4355123745092957,0.7279391562594566,-0.06968192523412904
877,-0.40423603771829875,-1.135253905523152,-0.2626516317394977,-0.12993633398718346,-0.3377750870504846,-0.23191640599970287,0.02655692997358943,0,-0.3912700869128609,-1.165694548750213,-0.47629280905226173,0.45197691395626494,-0.5270852139884671,0.727958872865593,1.0910605581096091
879,-0.2066095303893528,-0.9754898310357996,0.1308764712783228,-0.1892223800924807,-1.235986280026421,1.166537641363062,1.0920547685278768,0,1.4934139000440096,-0.15116944845850494,-1.0911165152232414,-1.0203676494223433,-0.6334685653634389,0.7281140578756439,0.9367441962072032
891,1.1767760209132687,0.120573731569685,-0.01882259731030097,-0.6683888178383028,-1.3162913644537744,1.8722912776230445,0.561944274712928,0,0.01087355076942814,-1.209385080910942,-0.3702974370501316,0.6255486128818671,-0.20327621604094517,0.7279365527374865,-1.0462633699836894
892,1.1767760209132687,0.4663599120127104,-0.5949734083430749,1.3233368984126488,-1.0941380356886754,1.596295150181182,1.0273920644048835,0,0.251384306886254,0.01511354197983737,0.17292598335594556,0.5988454060529981,-0.2587841144013174,-1.3662719204797151,1.0384974051488365
893,-1.6888083353564471,0.5054200017675909,-0.04224276468327843,-1.3139719838716266,-1.4090388191958805,2.036018686892823,-0.6629962057436828,0,0.6637298055117629,-1.16986543910118,0.8813818542859979,-0.489508939361631,-0.6168709782398639,0.7279671152362153,1.325677808903762
894,2.2637218112224713,0.6144409537947284,0.17004645814962388,-1.3139719838716266,-0.9683026652685768,0.9433129859725636,-0.16703907215470548,0,-0.659779764866817,0.0069887865480103,-1.6399510007224998,0.5112503151094814,1.723453559945053,-1.366383548847565,-0.06843685199489101
897,-0.40423603771829875,0.8269881830362115,-0.462069425803524,-0.14584385000896127,-1.4412103846741018,2.045551937868402,0.33651327659324387,0,0.3818538916806742,-1.1497239829014487,1.877006378913368,-2.605430102777105,0.42655410250275466,-1.366269794866317,0.3197616180398194
898,-0.5030492913827717,0.2947373079310188,0.2985534594842816,0.7899808150578868,-1.3614025506627123,2.021889927408563,0.03914392295766645,0,-0.4996251445805162,-1.297520095924637,-0.39016768361935894,0.5526657988837614,-0.24278405825777205,-1.3663716318628385,-0.9950124199769748
899,-0.40423603771829875,-0.7473929306821401,-0.16675720971708907,-0.781534656551039,-1.0941380356886754,1.2441236033524712,0.12756008398402932,0,0.8560650496870938,-1.267125477153594,-1.1782335586676391,0.4716958328944923,0.02862040209504843,-1.366345714519588,1.1366316670520566
900,-0.40423603771829875,-0.47183948760478617,-1.0494022765328477,-0.02381802659554749,-1.1857006415260354,1.3814945330892143,-0.32298845621151023,0,-0.6760472612515607,0.47509069781824953,0.08397913737249146,-1.0927168148801445,5.754021492169366,-1.3663693998453612,-0.3246660313474968
901,-0.2066095303893528,-0.48934860204199454,-0.24698953730225268,-0.04616874752360599,-1.3463598519446844,2.1404932844694877,-0.26223883983720975,0,-1.356761143629116,-0.9569167730258944,-1.0794971806482996,0.5423400256321613,-0.6015988599480149,0.7279552562199685,0.4404008657823748
912,1.1767760209132687,-0.24104751575850647,0.4224976419354161,0.744681720752611,-1.3609053002467484,2.007955917584669,0.06323056854595924,0,1.7230431874061385,1.5071613640792794,-0.37098363025926095,-2.8673677678152227,-0.4102817458490098,0.7280758455482761,-0.3737793497202112
915,-2.6769408720011767,0.6761128539970253,-0.1945649489371648,1.0060959788659476,-0.8862015504247139,0.9327406598726288,0.92083491811866,0,2.3288396916241636,-0.25408316229548056,1.646458431614216,0.565420158153601,-0.4934146622200689,0.7279202299486364,0.13876370040806602
916,-2.6769408720011767,0.8028926803448493,0.7051969311309064,0.8130108945244373,-0.22974691453958965,-0.1420866874705744,1.1528160476116198,0,-1.0943929529812952,-0.05067776705954004,0.6206166314031782,0.5700096001455857,-0.6137651831626016,0.7279617523051896,0.1471375262409564
922,-0.7994890523761905,-0.24341905723259843,-0.4841501860224403,0.10884991399871025,-0.904654757252834,0.497611836382823,0.6837968157020778,0,0.5199707766204948,-1.198552676334643,0.4447521449678104,-1.2267935794934246,-0.1164763132456492,-1.3662953214479985,-0.02090678692956606
935,1.7696555429001064,0.02844633293393714,0.07833604652226599,0.09327029918552496,-0.35533979108179004,-0.13101064827641545,0.3064184010694632,0,2.1867885832877794,0.9150897022861976,0.3906415537899772,0.5061728020571576,0.11641645096510785,0.728090339056966,0.5780831917030818
941,-0.40423603771829875,1.2751903193911776,0.5502537853595019,1.4211954874292203,0.05209748584434001,-0.4661898466709195,1.1739725341811449,0,-0.4744452299074616,-1.039466758877542,-0.8096316482030741,0.5965816693136022,-0.5501726219751625,0.7279204287087887,0.6365886121110705
957,1.7696555429001064,-0.4710084384170036,-0.8157372887615902,-1.47937633736856,-0.407937762467715,0.7090395345196265,-0.8198594819233335,0,-0.8868819041661747,0.1673133481213261,-0.1388255628712994,0.3732169629004584,-0.5048070222049953,0.7279257236596369,-0.8176553655236873
961,1.7696555429001064,0.9611051199127736,0.8248016798585331,1.2364804987168982,1.6348745963122973,-0.9579587390779086,2.0718678415525087,0,-1.3817486793614235,0.31949154278972297,0.3847311938818607,0.5051494476805112,3.7555561061104745,0.7279840696766936,-1.1480305606605836
964,-0.40423603771829875,1.0118022257977493,0.8089510767507512,2.0154733539528333,0.6826566510775199,-0.760938296379196,2.751541363444721,0,1.5769472834046023,-1.3141474428581552,0.24257593860681595,0.5908279974654554,-0.5816824776081111,-1.3663879893260162,1.1882367276409571
965,-0.40423603771829875,0.5654143272492765,1.0237492322596904,1.068065538310531,0.5416570082382192,-0.737422951995921,2.4128730843830324,0,0.1254770311268943,-0.0726729285791341,-0.8672825714742709,0.46344970432413274,-0.5542547460484141,0.7279588534221547,1.2719853342964826
966,-0.5030492913827717,-0.28177060693518424,0.8982670082190585,-1.2147293717734668,0.7099032472231165,-0.7954587507500105,2.29806758357231,0,-0.8625602138137877,-0.23552876815254647,-0.6602031425485387,-0.7540517531133999,-0.0723181498402926,0.7279204171118268,-0.353611250781991
981,1.6708422892356334,0.122739357102678,0.5435268751147916,-0.9140902007950608,-0.04534300966443584,-0.5323848051568754,-0.5622046110715876,0,0.4795390990198962,0.32686631460779103,0.13893570106063324,0.7396295369874925,-0.5597803827722788,-1.3663633522887573,-0.4987623426497311
982,1.7696555429001064,0.3930299587507796,0.33214097364206224,-0.8244084799097564,0.8354821819103815,-0.8593996300562569,-0.7159332439026972,0,1.4035895531833047,-1.1993978026636567,-0.17197310967371351,0.30132404736338037,-0.2798016736300341,-1.366322473330892,-0.6737814639413238
988,-0.40423603771829875,-0.630604618573416,0.7778302866911905,-1.034318759455959,1.179371540061633,-0.9271029160338384,0.9858002999521108,0,-1.5823990010659224,0.8888611600621171,-0.05167108013257452,0.6179693606977805,0.01457453113738616,0.7279419056459236,0.2643402797710842
1005,1.7696555429001064,0.45603352191590135,0.39210986008728343,0.07542458550261244,1.685446932358247,-0.9967797737017884,-0.4265281666154137,0,0.7092460921538097,0.5612758401180437,-0.6016681014738638,0.4006085286942157,-0.5843327221758567,0.727971170858875,2.6837157866825536
1025,1.7696555429001064,-0.2527433539463571,0.18078097793044084,-1.1154867596753069,0.28608087789809766,-0.6856500886441267,-0.6706617564370885,0,0.23491659789320452,-0.9429556593232216,0.21533349063092935,0.46587664139504,-0.5561451142689584,-1.3663748067413384,0.0708221880276108
1026,1.8684687965645792,-0.03447054997087923,-0.5994546103593147,-0.5917234692519704,1.053502730973838,-0.9165502249984592,-0.28644227834043984,0,0.602743848783384,0.736026187649149,-0.5284782597580844,0.40273151135387497,0.3356577512974209,0.7280723436175528,1.2462153772949385
1027,1.8684687965645792,0.4758770728793701,0.052736915923371853,0.2739098096989323,1.8685662260060023,-1.0203892869877025,0.4781342759077606,0,-0.27184058971171565,1.3842785727823257,2.142758570043231,0.32405287755955686,-0.4338903719284051,0.7279270827234277,0.95806856845788
1047,1.7696555429001064,0.071890587257536,-0.6829950705182566,1.6746030872135331,0.6138220825705327,-0.705547686997965,0.03473807191665689,0,0.3915684391594585,-1.2842811670047094,-0.5988151807063368,0.5192174821992426,-0.5537506974638469,-1.366400871982825,0.24177852969464855
1051,-0.40423603771829875,0.8370291122798125,-0.18373162817697675,2.6815871603756345,2.6928432539632254,-1.0620911328651386,1.0399552897820403,0,-0.7237799089112471,-1.1516348535746863,0.8827952988343649,0.6464651626806733,-0.6300944089392548,0.727944073196357,-0.02907404486395456
1054,-0.40423603771829875,-1.5200697470960731,-0.636055931875959,-0.6523545698838937,0.15479667476152598,-0.6595961533022096,-0.742219996062767,0,0.04548670073549586,0.5666586971460635,0.5187570292895136,-0.1324923084495933,-0.6015344284876472,0.7279490779618991,-0.48650171362806616
1073,-0.40423603771829875,0.6025796141781137,0.4861790319918114,2.0576479643279573,1.9096732043721256,-1.0237137013557454,2.327789915675988,0,-0.23861968159041416,0.19264717098317988,0.4565134192749045,0.5583741120591563,-0.5828631874418182,-1.3663832121938058,0.4681358708904599
1075,-0.40423603771829875,-1.2713662126431096,0.33473007144329864,-1.1277218427337314,1.2843325044867608,-0.9135680291991864,0.3866403756057046,0,-0.43569629349227373,0.5165469262084382,1.5817830839844202,0.6077421426668718,-0.17991651078486467,0.7279373601123601,-0.23040238723189865
1077,-0.40423603771829875,-0.6709025442263998,-0.11252268025497916,0.5493740154109856,-0.08389049582868557,-0.5030028474336242,-0.04970735109585522,0,0.6753985981902767,-1.2650600915296055,2.235048296406688,-0.7941934317913881,-0.3832973747895757,0.7279924601881662,-2.1253949628747635
1093,-0.6018625450472447,-0.04982152559866033,-0.5786911433784335,-0.2549370936120521,2.146293785423489,-1.009389386210328,0.9414915111137916,0,-0.8812471822352529,1.33885710829418,-1.328760776928483,0.5663277968025847,0.24101137254429675,-1.3663757152731382,1.9954854501865016
1095,-0.3054227840538258,0.4598887780277266,1.1868929725623183,2.7602697205842857,1.190709172677147,-0.9530438476160288,4.485032548021417,0,-1.4469058148606753,-1.3227326363984626,-0.01215343023651816,-0.30344628815868535,-0.3475549088107622,-1.3663395955272957,-0.9448644740934904
1097,-0.40423603771829875,-1.2375594435841786,0.5425861232984494,-0.2861699529433077,0.47220217241426654,-0.6805656904452873,-0.2835552326551556,0,-1.344915610176906,0.20366024655522125,-0.7832631956152524,0.5122171978158724,-0.5242075170550549,0.7280421200578622,-0.2235350241232555
1115,-0.6018625450472447,-0.21800044626158604,1.0107289609696284,-0.6683888178383028,2.2580461759339774,-1.005624976144112,-0.5272813738386569,0,0.2569432515548861,-1.313247448791245,-1.2762053580616368,0.3703796061094318,-0.609119085462101,0.7279865467279447,-0.6433226195413259
1116,-0.5030492913827717,0.0778393553673942,1.5540387928748742,0.7569492103036335,1.4129798090810377,-0.983331843966074,2.165336000887092,0,-0.6100151087824517,0.30196303912429423,1.6878033584454382,0.1263559145590734,2.7806406497534604,0.7280635094023754,-1.0245625634584281
1117,-0.7994890523761905,0.12548864143379565,1.8658073955316743,1.3524697631809928,0.6206486537485423,-0.8315332150158328,2.898700657359752,0,-1.5334684527446731,-1.333369237158106,0.14063637286108124,0.5905077562976698,-0.5238433299933976,0.7279774037273895,-0.16985024665833087
1118,-0.7994890523761905,-0.38769819442051445,1.1369410497035464,0.6256173729099052,-0.06206960489541171,-0.5368825440032227,1.4316266588405802,0,-0.06496660927980494,1.278358162145463,-0.19841540185724743,0.5359740511813181,0.322229992805453,-1.3663524829998703,0.0436013710184345
1121,-0.40423603771829875,-0.5478301696623256,1.2292375990205102,1.0356402008155146,0.08155677055029377,-0.5537979456835945,1.2070512945700345,0,-0.11653905381622592,-0.2878936590990851,-1.433964399801422,0.46439107450870626,-0.6125191461689881,-1.366334049563042,-0.23634507425699416
1136,-0.6018625450472447,-0.5332448733364953,0.6155459657094946,0.2516099699928968,1.877646439943242,-0.9214879579949284,0.15141026952021525,0,-1.1473046519578152,-1.2866617187559104,-0.08255622178447106,-2.832064774274438,-0.2580938663324253,-1.366369310953003,-1.4842220856634367
1137,-0.5030492913827717,-0.3870204922421637,0.6741260711201916,-0.6110428538838449,1.936957414480516,-1.00318055351845,-0.1282701255750269,0,-0.5853722104250327,1.768148723549078,0.20303717716137912,0.2297253477419928,1.488001786323932,0.7279510435500507,-0.30381443750317916
1158,-0.6018625450472447,-0.6092408788792448,-0.03687253399158865,-1.1154867596753069,1.3867641840623757,-0.9030570129760842,-0.795680529582582,0,-0.35694744719332777,1.2155774856456834,-0.8947199918860598,0.5284362564998307,-0.5999124272440242,0.7279818399281284,0.5618436739435588
1159,-0.5030492913827717,-0.4465345445973416,0.6693882593652993,-0.10065378689373468,1.0721981775314589,-0.9035458979310284,-0.6097197329937406,0,-0.12510778300658906,-1.0255224352998158,1.3262505844552224,-0.22503460447303036,-0.27297266455720115,0.7280001018145823,0.02781897416605033
1161,-0.7994890523761905,-1.2070872872995215,1.029077072289995,-1.1021963623823314,0.46043205184044694,-0.7820092181003843,-0.8059662378449564,0,-0.3817697912230367,-1.2967040277463178,-0.512306548549899,0.32156579106413324,0.4147909877415499,0.7279459865002154,0.6659112328187816
1177,-0.5030492913827717,-0.7792602468000928,0.7494661437877498,-1.2922426734236452,0.6750143361581395,-0.6967966555344898,1.2954984087588983,0,-0.6990013522994201,1.4415090139028857,0.05413057247936512,0.5826081144375381,0.221302568010654,0.7279237035712164,0.6645413061939947
1181,-0.5030492913827717,-0.5403272643799937,-0.3555323328749076,-0.8095397215344108,0.20663292709395445,-0.645757115426268,-1.1672474395912924,0,0.27670143482038123,0.6152697203743895,0.05364872003481821,0.4715987811818728,-0.2766663619843161,0.7279558509892431,0.4944408121364702
1183,-0.7994890523761905,-1.432180444335304,0.8725061223989526,-0.9500824061783736,0.3342449037316292,-0.612805498088957,-0.7631830806401642,0,1.8555076398385852,-1.3018040605202548,0.3642003429150733,0.5386207160460271,-0.5266039695185879,-1.366360572877662,0.24659590250489308
1185,-0.7994890523761905,-0.5092800176197634,0.699452033266077,1.1546586478732737,-0.09611677646866965,-0.1766099487574927,-0.4414576507187729,0,-0.8836749341580442,-1.1946781801340902,1.4402040077637086,0.6001089107763558,1.2265395020697816,0.7279292465978819,0.21206671140753683
1200,-0.5030492913827717,-0.6883573288135836,-0.02322876209974101,0.9955062235776088,-0.2791908317017132,-0.4568032664342696,-0.2749585445055104,0,-0.1553911129242932,-1.1577633054983545,-1.7064673975516709,-2.4241676154295138,-0.605120753120438,0.7280038243068433,0.281178152894591
1201,-0.6018625450472447,-0.6979295940118477,-0.40737657262798904,0.09639855209508612,-0.03885598074516316,-0.42253246251265114,-1.0135618440925978,0,-0.7859376063369173,1.6216740586100211,0.8660749709477689,0.5846961297092356,-0.06445674742412913,0.7279433109008002,-0.8455954522422401
1203,-0.5030492913827717,-0.7708635335833786,-0.7629004810324312,-0.28022331107417725,-0.6060356186701049,-0.03127821566886518,-0.869734547573804,0,-0.4897793258731606,0.6740567602839459,-0.7346966019210962,-1.700070273299476,-0.5836489541439925,-1.3663135322577151,-0.4219612175819504
1204,-0.5030492913827717,-0.5053125144522668,1.302435998320513,0.8421844104278369,-0.8024360540341214,0.3039009801030583,0.6300229919589478,0,0.3935772555686875,-1.2563114738020889,0.8271037046383314,0.5630342055215658,-0.02060536241611094,0.7279342673313335,0.2214942967487583
1206,-0.7994890523761905,-1.519891173958168,0.2317440972298117,-0.45014121932313056,-0.2366010063583309,-0.2025344482764517,-0.9161430801181653,0,2.080191966908798,-0.1933169694762041,-0.6047960132132182,-0.6865614929961764,0.00785552658456212,-1.3662883699486206,-0.4321720320137066
1226,-0.7994890523761905,-0.7976072942690123,-1.517761198584486,-1.3747654366567577,-1.3414505944290471,2.355515904230018,-0.9976471788640072,0,0.3010442782302458,-1.1500093355821364,-0.07084439124528004,0.48222309363020904,-0.3675794324572939,0.7279621088327589,0.09292316394615424
1248,-0.7994890523761905,-0.7630471251841433,0.9710393987443166,1.1714316830950722,-0.6077532987664311,0.3717377018204307,-0.6164465461240428,0,-0.5424298885861774,-0.14844850490574102,-0.523616574721731,0.347434901845979,-0.08190173094342103,-1.3663104881177843,-1.589580582101644
1332,-0.40423603771829875,-1.0088665741356475,-1.9094908422925307,1.0800656995363218,-0.8881415377548132,0.9214109503648248,-0.9704791459487264,0,-0.03663629933043892,-0.10996714189809637,-0.9621789639865206,0.4118323419712054,0.07838022119158965,0.7279261429357269,0.652055257138783
1334,-0.7994890523761905,-0.9663441104018726,1.100700065921537,-1.0493250182765337,0.5840264506142648,-0.43495013000904154,-0.2830751269953612,0,-0.5639040814103548,-1.292277537361445,-0.05154905047656891,0.5126878523342582,-0.4227960150608016,0.727932932881032,-0.9017409272374552
1335,-0.7994890523761905,-0.9209632450399728,1.6236008278206533,0.976864312994522,0.03256291389280049,-0.5439224811476456,0.923639053547245,0,-1.3586910514127784,-1.3531286594722467,-0.1136341736867849,0.5825011282933743,0.24345589918142083,-1.3663254030593142,0.9968429643522106
1355,-0.40423603771829875,-0.7895857258627559,0.6969744789878306,2.484396849819159,0.08586407758702494,-0.4659942948161461,-0.5079438277541095,0,-0.8770075479092841,0.847006726712538,-0.6043383395908518,0.5782839554728235,-0.30102354820659966,0.7279095693455467,2.4184545859078215
1356,-0.40423603771829875,-0.8878515059085859,1.247044642384823,-0.2589655941747606,-0.30422880566130855,-0.22364303628251628,0.6203410638226111,0,0.5076424288500118,0.7670107165728267,-0.7707627720247435,0.5556092600043602,0.5405207084514656,-1.366291748342344,-0.3904249269741644
1357,-0.7994890523761905,-0.861014513258774,1.3641667195665232,-0.6192736991845071,-0.11234393379211936,-0.2873559043645198,-0.5510294692120936,0,-0.7801959131387826,-1.2691575997767943,-0.5378805153235754,0.3882671869927165,-0.25704922312820205,0.7279636097256095,-0.5200865720788876
1379,-0.3054227840538258,-0.7740414560544866,1.602230381226237,1.4966154575336572,-0.938674444492274,1.019578965803005,0.5303068262265015,0,-0.3768760854127729,-0.9422862834025424,-0.867237507898804,0.5564476040872004,-0.6150517759123411,0.7280345501656585,-0.8043102741056646
1380,-0.3054227840538258,-0.7105136849078958,0.10992318603834982,1.2844111482881777,-0.6362780435087527,0.32399412390091703,-0.37223924908416217,0,3.3108441204439445,-1.3494265491097033,-0.17696331261584888,0.5027677999673197,1.3422278053828078,0.7279252129280509,-0.7471399351298516
1399,-0.40423603771829875,-1.0063298571005412,0.5033524178103012,-1.4462954666691734,-1.0996878742396017,1.2644123112438133,-0.784409156551812,0,-1.920202370385788,0.18723963249488695,0.6323011624124727,-0.9408863069160972,-0.40781019918880906,-1.3663701648894235,0.6850117424896873
1400,-0.40423603771829875,-0.8532156361957487,1.0669249389262094,0.04126457523455318,-1.116416030667875,1.6346445329263417,-0.18218180143829577,0,-0.32391239706858527,1.1952715849404587,-0.7321836800718018,-2.004315720653793,-0.4535771384307892,-1.3663648557504713,-1.1768099062715347
1423,-0.40423603771829875,-0.26853087033153755,0.8442210455723583,1.6843033633613222,-0.5808204669707068,0.19927969809176443,0.15141026952021525,0,0.41299482359113193,0.10491899147057548,-0.7378499441504351,-0.340799763055844,0.7227051775133528,-1.3663664451931852,0.6075008358590357
1444,-0.40423603771829875,-0.44726064874235005,0.84297692289668,1.664002832625412,-0.4308844581870147,0.05452100814360755,0.4812665148588574,0,-1.04617472710733,-1.1927350835887414,0.6051030552588088,0.23511930679546417,-0.4951278387207998,0.7279238690612564,-0.29362064826828943
1465,-0.7006757987117176,-0.7513690207891721,0.31722741624677453,0.43845847026359014,-0.93190759818762,0.5425743794679666,-0.175840493364894,0,-1.0111144748746663,0.0413367823470395,0.06758289011433996,-0.22054230202694644,-0.31813513779541686,-1.3663084355475046,0.5079303641896858
1484,-0.7006757987117176,-1.067591965931607,-2.8783765730896236,-1.1277218427337314,-0.1682504816273788,1.136080121047159,-1.629583572803377,0,0.07570043773516393,1.1088775651749232,0.95386641754761,0.4879447801933711,-0.4153978881395288,0.7279438262495486,-0.6331731101811493
1486,-0.7006757987117176,-0.8836740751429468,0.35834724266713985,-0.12265735789693268,-0.8516983640129471,0.49505480669351537,-0.3976903764037103,0,-0.05113260460078302,-0.11321735165295171,1.22072740191597,0.4926860463114227,1.6918554139719335,0.727929277856605,-0.8152293358389671
1487,-0.7006757987117176,-0.5646871642975102,0.9295722252286972,0.7547462418390088,-0.5711586162728852,0.5012147469414577,0.40727143224177265,0,0.24173810099879336,0.5699847914180126,2.287428499542257,0.38240365008361815,-0.4734132766510754,0.7280059240544938,0.3186793393248343
